ID1001,1
ID1002,1
ID1003,1
ID1004,1
ID1005,1
ID1006,1
ID1007,1
ID1008,1
ID1009,1
ID1010,1
ID1011,1
ID1012,1
ID1013,1
ID1014,1
ID1015,1
ID1016,1
ID1017,1
ID1018,1
ID1019,1
ID1020,1
ID1021,1
ID1022,1
ID1023,1
ID1024,1
ID1025,1
ID1026,1
ID1027,1
ID1028,1
ID1029,1
ID1030,1
ID1031,1
ID1032,1
ID1033,1
ID1034,1
ID1035,1
ID1036,1
ID1037,1
ID1038,1
ID1039,1
ID1040,1
ID1041,1
ID1042,1
ID1043,1
ID1044,1
ID1045,1
ID1046,1
ID1047,1
ID1048,1
ID1049,1
ID1050,1
ID1051,1
ID1052,1
ID1053,1
ID1054,1
ID1055,1
ID1056,1
ID1057,1
ID1058,1
ID1059,1
ID1060,1
ID1061,1
ID1062,1
ID1063,1
ID1064,1
ID1065,1
ID1066,1
ID1067,1
ID1068,1
ID1069,1
ID1070,1
ID1071,1
ID1072,1
ID1073,1
ID1074,1
ID1075,1
ID1076,1
ID1077,1
ID1078,1
ID1079,1
ID1080,1
ID1081,1
ID1082,1
ID1083,1
ID1084,1
ID1085,1
ID1086,1
ID1087,1
ID1088,1
ID1089,1
ID1090,1
ID1091,1
ID1092,1
ID1093,1
ID1094,1
ID1095,1
ID1096,1
ID1097,1
ID1098,1
ID1099,1
ID1100,1
ID1101,1
ID1102,1
ID1103,1
ID1104,1
ID1105,1
ID1106,1
ID1107,1
ID1108,1
ID1109,1
ID1110,1
ID1111,1
ID1112,1
ID1113,1
ID1114,1
ID1115,1
ID1116,1
ID1117,1
ID1118,1
ID1119,1
ID1120,1
ID1121,1
ID1122,1
ID1123,1
ID1124,1
ID1125,1
ID1126,1
ID1127,1
ID1128,1
ID1129,1
ID1130,1
ID1131,1
ID1132,1
ID1133,1
ID1134,1
ID1135,1
ID1136,1
ID1137,1
ID1138,1
ID1139,1
ID1140,1
ID1141,1
ID1142,1
ID1143,1
ID1144,1
ID1145,1
ID1146,1
ID1147,1
ID1148,1
ID1149,1
ID1150,1
ID1151,1
ID1152,1
ID1153,1
ID1154,1
ID1155,1
ID1156,1
ID1157,1
ID1158,1
ID1159,1
ID1160,1
ID1161,1
ID1162,1
ID1163,1
ID1164,1
ID1165,1
ID1166,1
ID1167,1
ID1168,1
ID1169,1
ID1170,1
ID1171,1
ID1172,1
ID1173,1
ID1174,1
ID1175,1
ID1176,1
ID1177,1
ID1178,1
ID1179,1
ID1180,1
ID1181,1
ID1182,1
ID1183,1
ID1184,1
ID1185,1
ID1186,1
ID1187,1
ID1188,1
ID1189,1
ID1190,1
ID1191,1
ID1192,1
ID1193,1
ID1194,1
ID1195,1
ID1196,1
ID1197,1
ID1198,1
ID1199,1
ID1200,1